{
    "data": [
        {
            "name": "General",
            "meta": [
                "general"
            ],
            "children": [
                {
                    "name": "Get Started",
                    "to": "/setup",
                    "meta": [
                        "get started"
                    ]
                },
                {
                    "name": "Community Forum",
                    "href": "https://forum.primefaces.org/viewforum.php?f=57",
                    "meta": [
                        "get started"
                    ]
                },
                {
                    "name": "Source Code",
                    "href": "https://github.com/primefaces/primereact",
                    "meta": [
                        "source code"
                    ]
                },
                {
                    "name": "Support",
                    "to": "/support",
                    "meta": [
                        "support"
                    ]
                },
                {
                    "name": "Store",
                    "href": "https://www.primefaces.org/store/",
                    "meta": [
                        "store",
                        "primestore"
                    ]
                }
            ]
        },
        {
            "name": "Theming",
            "meta": [
                "theming"
            ],
            "children": [
                {
                    "name": "Guide",
                    "to": "/theming",
                    "meta": [
                        "guide"
                    ]
                },
                {
                    "name": "Theme Designer",
                    "href": "https://www.primefaces.org/designer/primereact",
                    "meta": [
                        "theme designer"
                    ]
                },
                {
                    "name": "Visual Editor",
                    "href": "https://www.primefaces.org/designer-react",
                    "meta": [
                        "visual editor"
                    ]
                },
                {
                    "name": "SASS API",
                    "href": "https://www.primefaces.org/designer/api/primereact/5.0.0",
                    "meta": [
                        "sass api"
                    ]
                }
            ]
        },
        {
            "name": "PrimeFlex",
            "meta": [
                "primeflex"
            ],
            "children": [
                {
                    "name": "Setup",
                    "to": "/primeflex",
                    "meta": [
                        "primeflex",
                        "setup"
                    ]
                },
                {
                    "name": "Display",
                    "to": "/display",
                    "meta": [
                        "display"
                    ]
                },
                {
                    "name": "Elevation",
                    "to": "/elevation",
                    "meta": [
                        "elevation"
                    ]
                },
                {
                    "name": "Flexbox",
                    "to": "/flexbox",
                    "meta": [
                        "flexbox"
                    ]
                },
                {
                    "name": "FormLayout",
                    "to": "/formlayout",
                    "meta": [
                        "formlayout"
                    ]
                },
                {
                    "name": "Grid System",
                    "to": "/flexgrid",
                    "meta": [
                        "grid system",
                        "flexgrid"
                    ]
                },
                {
                    "name": "Spacing",
                    "to": "/spacing",
                    "meta": [
                        "spacing"
                    ]
                },
                {
                    "name": "Text",
                    "to": "/text",
                    "meta": [
                        "text"
                    ]
                }
            ]
        },
        {
            "name": "PrimeIcons",
            "meta": [
                "primeicons"
            ],
            "children": [
                {
                    "name": "Icons v4.0",
                    "to": "/icons",
                    "meta": [
                        "icons"
                    ]
                }
            ]
        },
        {
            "name": "Form",
            "meta": [
                "input"
            ],
            "children": [
                {
                    "name": "AutoComplete",
                    "to": "/autocomplete",
                    "meta": [
                        "autocomplete"
                    ]
                },
                {
                    "name": "Calendar",
                    "to": "/calendar",
                    "meta": [
                        "calendar",
                        "datepicker"
                    ]
                },
                {
                    "name": "Checkbox",
                    "to": "/checkbox",
                    "meta": [
                        "checkbox"
                    ]
                },
                {
                    "name": "Chips",
                    "to": "/chips",
                    "meta": [
                        "chips"
                    ]
                },
                {
                    "name": "ColorPicker",
                    "to": "/colorpicker",
                    "meta": [
                        "colorpicker"
                    ]
                },
                {
                    "name": "Dropdown",
                    "to": "/dropdown",
                    "meta": [
                        "dropdown",
                        "selectOneMenu"
                    ]
                },
                {
                    "name": "Editor",
                    "to": "/editor",
                    "meta": [
                        "editor"
                    ]
                },
                {
                    "name": "InputGroup",
                    "to": "/inputgroup",
                    "meta": [
                        "inputgroup"
                    ]
                },
                {
                    "name": "InputMask",
                    "to": "/inputmask",
                    "meta": [
                        "inputmask"
                    ]
                },
                {
                    "name": "InputNumber",
                    "to": "/inputnumber",
                    "meta": [
                        "inputnumber"
                    ],
                    "badge": "new"
                },
                {
                    "name": "InputSwitch",
                    "to": "/inputswitch",
                    "meta": [
                        "inputswitch"
                    ]
                },
                {
                    "name": "InputText",
                    "to": "/inputtext",
                    "meta": [
                        "inputtext"
                    ]
                },
                {
                    "name": "FloatLabel",
                    "to": "/floatlabel",
                    "meta": [
                        "floatlabel"
                    ]
                },
                {
                    "name": "InputTextarea",
                    "to": "/inputtextarea",
                    "meta": [
                        "inputtextarea"
                    ]
                },
                {
                    "name": "KeyFilter",
                    "to": "/keyfilter",
                    "meta": [
                        "keyfilter"
                    ]
                },
                {
                    "name": "Listbox",
                    "to": "/listbox",
                    "meta": [
                        "listbox"
                    ]
                },
                {
                    "name": "MultiSelect",
                    "to": "/multiselect",
                    "meta": [
                        "multiselect",
                        "selectCheckboxMenu"
                    ]
                },
                {
                    "name": "Password",
                    "to": "/password",
                    "meta": [
                        "password"
                    ]
                },
                {
                    "name": "RadioButton",
                    "to": "/radiobutton",
                    "meta": [
                        "radiobutton"
                    ]
                },
                {
                    "name": "Rating",
                    "to": "/rating",
                    "meta": [
                        "rating"
                    ]
                },
                {
                    "name": "SelectButton",
                    "to": "/selectbutton",
                    "meta": [
                        "selectbutton",
                        "selectOneButton",
                        "selectManyButton"
                    ]
                },
                {
                    "name": "Slider",
                    "to": "/slider",
                    "meta": [
                        "slider"
                    ]
                },
                {
                    "name": "TriStateCheckbox",
                    "to": "/tristatecheckbox",
                    "meta": [
                        "tristateCheckbox"
                    ]
                },
                {
                    "name": "ToggleButton",
                    "to": "/togglebutton",
                    "meta": [
                        "togglebutton"
                    ]
                }
            ]
        },
        {
            "name": "Button",
            "meta": [
                "button"
            ],
            "children": [
                {
                    "name": "Button",
                    "to": "/button",
                    "meta": [
                        "button"
                    ]
                },
                {
                    "name": "SplitButton",
                    "to": "/splitbutton",
                    "meta": [
                        "splitbutton"
                    ]
                }
            ]
        },
        {
            "name": "Data",
            "meta": [
                "data"
            ],
            "children": [
                {
                    "name": "DataTable",
                    "meta": [
                        "datatable"
                    ],
                    "children": [
                        {
                            "name": "Documentation",
                            "to": "/datatable",
                            "meta": [
                                "documentation"
                            ]
                        },
                        {
                            "name": "Basic",
                            "to": "/datatable/basic",
                            "meta": [
                                "basic"
                            ]
                        },
                        {
                            "name": "Dynamic",
                            "to": "/datatable/dynamiccolumns",
                            "meta": [
                                "dynamic"
                            ]
                        },
                        {
                            "name": "Templating",
                            "to": "/datatable/templating",
                            "meta": [
                                "templating"
                            ]
                        },
                        {
                            "name": "Size",
                            "to": "/datatable/size",
                            "meta": [
                                "size"
                            ]
                        },
                        {
                            "name": "GridLines",
                            "to": "/datatable/gridlines",
                            "meta": [
                                "grid lines"
                            ]
                        },
                        {
                            "name": "Striped",
                            "to": "/datatable/striped",
                            "meta": [
                                "striped"
                            ]
                        },
                        {
                            "name": "Paginator",
                            "to": "/datatable/paginator",
                            "meta": [
                                "paginator"
                            ]
                        },
                        {
                            "name": "Sort",
                            "to": "/datatable/sort",
                            "meta": [
                                "sort"
                            ]
                        },
                        {
                            "name": "Filter",
                            "to": "/datatable/filter",
                            "meta": [
                                "filter"
                            ]
                        },
                        {
                            "name": "Selection",
                            "to": "/datatable/selection",
                            "meta": [
                                "selection"
                            ]
                        },
                        {
                            "name": "Edit",
                            "to": "/datatable/edit",
                            "meta": [
                                "edit"
                            ]
                        },
                        {
                            "name": "Lazy",
                            "to": "/datatable/lazy",
                            "meta": [
                                "lazy"
                            ]
                        },
                        {
                            "name": "Scroll",
                            "to": "/datatable/scroll",
                            "meta": [
                                "scroll"
                            ]
                        },
                        {
                            "name": "ColGroup",
                            "to": "/datatable/colgroup",
                            "meta": [
                                "colgroup"
                            ]
                        },
                        {
                            "name": "RowGroup",
                            "to": "/datatable/rowgroup",
                            "meta": [
                                "rowgroup"
                            ]
                        },
                        {
                            "name": "Expand",
                            "to": "/datatable/rowexpand",
                            "meta": [
                                "expand"
                            ]
                        },
                        {
                            "name": "Responsive",
                            "to": "/datatable/responsive",
                            "meta": [
                                "responsive"
                            ]
                        },
                        {
                            "name": "Style",
                            "to": "/datatable/style",
                            "meta": [
                                "style"
                            ]
                        },
                        {
                            "name": "ColResize",
                            "to": "/datatable/colresize",
                            "meta": [
                                "colresize"
                            ]
                        },
                        {
                            "name": "Reorder",
                            "to": "/datatable/reorder",
                            "meta": [
                                "reorder"
                            ]
                        },
                        {
                            "name": "ColToggle",
                            "to": "/datatable/coltoggle",
                            "meta": [
                                "coltoggle"
                            ]
                        },
                        {
                            "name": "Export",
                            "to": "/datatable/export",
                            "meta": [
                                "export"
                            ]
                        },
                        {
                            "name": "ContextMenu",
                            "to": "/datatable/contextmenu",
                            "meta": [
                                "contextmenu"
                            ]
                        },
                        {
                            "name": "State",
                            "to": "/datatable/state",
                            "meta": [
                                "state"
                            ]
                        },
                        {
                            "name": "Crud",
                            "to": "/datatable/crud",
                            "meta": [
                                "crud"
                            ]
                        }
                    ]
                },
                {
                    "name": "DataView",
                    "meta": [
                        "dataview"
                    ],
                    "children": [
                        {
                            "name": "Documentation",
                            "to": "/dataview",
                            "meta": [
                                "documentation"
                            ]
                        },
                        {
                            "name": "Lazy",
                            "to": "/dataview/lazy",
                            "meta": [
                                "lazy"
                            ]
                        }
                    ]
                },
                {
                    "name": "DataScroller",
                    "meta": [
                        "datascroller"
                    ],
                    "children": [
                        {
                            "name": "Window",
                            "to": "/datascroller",
                            "meta": [
                                "window"
                            ]
                        },
                        {
                            "name": "Inline",
                            "to": "/datascroller/inline",
                            "meta": [
                                "inline"
                            ]
                        },
                        {
                            "name": "Loader",
                            "to": "/datascroller/loader",
                            "meta": [
                                "loader"
                            ]
                        }
                    ]
                },
                {
                    "name": "Google Maps",
                    "to": "/gmap",
                    "meta": [
                        "Google Maps",
                        "gmap"
                    ]
                },
                {
                    "name": "FullCalendar",
                    "to": "/fullcalendar",
                    "meta": [
                        "fullcalendar",
                        "schedule"
                    ]
                },
                {
                    "name": "OrderList",
                    "to": "/orderlist",
                    "meta": [
                        "orderlist"
                    ]
                },
                {
                    "name": "Org Chart",
                    "to": "/organizationchart",
                    "meta": [
                        "Org Chart",
                        "organizationchart"
                    ]
                },
                {
                    "name": "Paginator",
                    "to": "/paginator",
                    "meta": [
                        "paginator"
                    ]
                },
                {
                    "name": "PickList",
                    "to": "/picklist",
                    "meta": [
                        "picklist"
                    ]
                },
                {
                    "name": "Tree",
                    "meta": [
                        "tree"
                    ],
                    "children": [
                        {
                            "name": "Documentation",
                            "to": "/tree",
                            "meta": [
                                "documentation"
                            ]
                        },
                        {
                            "name": "Selection",
                            "to": "/tree/selection",
                            "meta": [
                                "selection"
                            ]
                        },
                        {
                            "name": "Events",
                            "to": "/tree/events",
                            "meta": [
                                "events"
                            ]
                        },
                        {
                            "name": "Lazy",
                            "to": "/tree/lazy",
                            "meta": [
                                "lazy"
                            ]
                        },
                        {
                            "name": "Templating",
                            "to": "/tree/templating",
                            "meta": [
                                "templating"
                            ]
                        },
                        {
                            "name": "DragDrop",
                            "to": "/tree/dragdrop",
                            "meta": [
                                "dragdrop"
                            ]
                        },
                        {
                            "name": "ContextMenu",
                            "to": "/tree/contextmenu",
                            "meta": [
                                "contextmenu"
                            ]
                        },
                        {
                            "name": "Filter",
                            "to": "/tree/filter",
                            "meta": [
                                "filter"
                            ]
                        }
                    ]
                },
                {
                    "name": "TreeTable",
                    "meta": [
                        "treetable"
                    ],
                    "children": [
                        {
                            "name": "Documentation",
                            "to": "/treetable",
                            "meta": [
                                "documentation"
                            ]
                        },
                        {
                            "name": "Templating",
                            "to": "/treetable/templating",
                            "meta": [
                                "templating"
                            ]
                        },
                        {
                            "name": "Page",
                            "to": "/treetable/page",
                            "meta": [
                                "page"
                            ]
                        },
                        {
                            "name": "Sort",
                            "to": "/treetable/sort",
                            "meta": [
                                "sort"
                            ]
                        },
                        {
                            "name": "Filter",
                            "to": "/treetable/filter",
                            "meta": [
                                "filter"
                            ]
                        },
                        {
                            "name": "Selection",
                            "to": "/treetable/selection",
                            "meta": [
                                "selection"
                            ]
                        },
                        {
                            "name": "ColGroup",
                            "to": "/treetable/colgroup",
                            "meta": [
                                "colgroup"
                            ]
                        },
                        {
                            "name": "Lazy",
                            "to": "/treetable/lazy",
                            "meta": [
                                "lazy"
                            ]
                        },
                        {
                            "name": "Edit",
                            "to": "/treetable/edit",
                            "meta": [
                                "edit"
                            ]
                        },
                        {
                            "name": "Scroll",
                            "to": "/treetable/scroll",
                            "meta": [
                                "scroll"
                            ]
                        },
                        {
                            "name": "Resize",
                            "to": "/treetable/resize",
                            "meta": [
                                "resize"
                            ]
                        },
                        {
                            "name": "Reorder",
                            "to": "/treetable/reorder",
                            "meta": [
                                "reorder"
                            ]
                        },
                        {
                            "name": "Toggle",
                            "to": "/treetable/toggle",
                            "meta": [
                                "toggle"
                            ]
                        },
                        {
                            "name": "Style",
                            "to": "/treetable/style",
                            "meta": [
                                "style"
                            ]
                        },
                        {
                            "name": "ContextMenu",
                            "to": "/treetable/contextmenu",
                            "meta": [
                                "contextmenu"
                            ]
                        },
                        {
                            "name": "Responsive",
                            "to": "/treetable/responsive",
                            "meta": [
                                "responsive"
                            ]
                        }
                    ]
                }
            ]
        },
        {
            "name": "Panel",
            "meta": [
                "panel"
            ],
            "children": [
                {
                    "name": "Accordion",
                    "to": "/accordion",
                    "meta": [
                        "accordion"
                    ]
                },
                {
                    "name": "Card",
                    "to": "/card",
                    "meta": [
                        "card"
                    ]
                },
                {
                    "name": "Deferred",
                    "to": "/deferredcontent",
                    "meta": [
                        "deferredcontent"
                    ]
                },
                {
                    "name": "Fieldset",
                    "to": "/fieldset",
                    "meta": [
                        "fieldset"
                    ]
                },
                {
                    "name": "Panel",
                    "to": "/panel",
                    "meta": [
                        "panel"
                    ]
                },
                {
                    "name": "ScrollPanel",
                    "to": "/scrollPanel",
                    "meta": [
                        "scrollpanel"
                    ]
                },
                {
                    "name": "TabView",
                    "to": "/tabview",
                    "meta": [
                        "tabview"
                    ]
                },
                {
                    "name": "Toolbar",
                    "to": "/toolbar",
                    "meta": [
                        "toolbar"
                    ]
                }
            ]
        },
        {
            "name": "Overlay",
            "meta": [
                "overlay"
            ],
            "children": [
                {
                    "name": "Dialog",
                    "to": "/dialog",
                    "meta": [
                        "dialog"
                    ]
                },
                {
                    "name": "OverlayPanel",
                    "to": "/overlaypanel",
                    "meta": [
                        "overlaypanel"
                    ]
                },
                {
                    "name": "Sidebar",
                    "to": "/sidebar",
                    "meta": [
                        "sidebar"
                    ]
                },
                {
                    "name": "Tooltip",
                    "to": "/tooltip",
                    "meta": [
                        "tooltip"
                    ]
                }
            ]
        },
        {
            "name": "File",
            "meta": [
                "file"
            ],
            "children": [
                {
                    "name": "Upload",
                    "to": "/fileupload",
                    "meta": [
                        "fileupload"
                    ]
                }
            ]
        },
        {
            "name": "Menu",
            "meta": [
                "menu"
            ],
            "children": [
                {
                    "name": "MenuModel",
                    "to": "/menumodel",
                    "meta": [
                        "menumodel"
                    ]
                },
                {
                    "name": "Menu",
                    "to": "/menu",
                    "meta": [
                        "menu"
                    ]
                },
                {
                    "name": "TabMenu",
                    "to": "/tabmenu",
                    "meta": [
                        "tabmenu"
                    ]
                },
                {
                    "name": "Breadcrumb",
                    "to": "/breadcrumb",
                    "meta": [
                        "breadcrumb"
                    ]
                },
                {
                    "name": "TieredMenu",
                    "to": "/tieredmenu",
                    "meta": [
                        "tieredMenu"
                    ]
                },
                {
                    "name": "Menubar",
                    "to": "/menubar",
                    "meta": [
                        "menubar"
                    ]
                },
                {
                    "name": "ContextMenu",
                    "to": "/contextmenu",
                    "meta": [
                        "contextmenu"
                    ]
                },
                {
                    "name": "PanelMenu",
                    "to": "/panelmenu",
                    "meta": [
                        "panelmenu"
                    ]
                },
                {
                    "name": "Steps",
                    "to": "/steps",
                    "meta": [
                        "steps",
                        "wizard"
                    ]
                },
                {
                    "name": "MegaMenu",
                    "to": "/megamenu",
                    "meta": [
                        "megamenu"
                    ]
                },
                {
                    "name": "SlideMenu",
                    "to": "/slidemenu",
                    "meta": [
                        "slidemenu"
                    ]
                }
            ]
        },
        {
            "name": "Chart",
            "meta": [
                "chart"
            ],
            "children": [
                {
                    "name": "ChartModel",
                    "to": "/chartdemo",
                    "meta": [
                        "chartdemo",
                        "chartmodel"
                    ]
                },
                {
                    "name": "Pie",
                    "to": "/piechart",
                    "meta": [
                        "piechart"
                    ]
                },
                {
                    "name": "Doughnut",
                    "to": "/doughnutchart",
                    "meta": [
                        "doughnutchart"
                    ]
                },
                {
                    "name": "Bar",
                    "to": "/barchart",
                    "meta": [
                        "barchart"
                    ]
                },
                {
                    "name": "Line",
                    "to": "/linechart",
                    "meta": [
                        "linechart"
                    ]
                },
                {
                    "name": "PolarArea",
                    "to": "/polarareachart",
                    "meta": [
                        "polarareachart"
                    ]
                },
                {
                    "name": "Radar",
                    "to": "/radarchart",
                    "meta": [
                        "radarchart"
                    ]
                },
                {
                    "name": "Combo",
                    "to": "/combochart",
                    "meta": [
                        "combochart"
                    ]
                }
            ]
        },
        {
            "name": "Messages",
            "meta": [
                "message"
            ],
            "children": [
                {
                    "name": "Messages",
                    "to": "/messages",
                    "meta": [
                        "messages"
                    ]
                },
                {
                    "name": "Toast",
                    "to": "/toast",
                    "meta": [
                        "growl",
                        "toast"
                    ],
                    "badge": "updated"
                }
            ]
        },
        {
            "name": "Media",
            "meta": [
                "media"
            ],
            "children": [
                {
                    "name": "Carousel",
                    "to": "/carousel",
                    "meta": [
                        "carousel"
                    ]
                },
                {
                    "name": "Galleria",
                    "meta": [
                        "galleria"
                    ],
                    "badge": "new",
                    "children": [
                        {
                            "name": "Documentation",
                            "to": "/galleria",
                            "meta": [
                                "documentation"
                            ]
                        },
                        {
                            "name": "Programmatic",
                            "to": "/galleria/programmatic",
                            "meta": [
                                "programmatic"
                            ]
                        },
                        {
                            "name": "Indicator",
                            "to": "/galleria/indicator",
                            "meta": [
                                "indicator"
                            ]
                        },
                        {
                            "name": "Thumbnail",
                            "to": "/galleria/thumbnail",
                            "meta": [
                                "thumbnail"
                            ]
                        },
                        {
                            "name": "Navigator",
                            "to": "/galleria/navigator",
                            "meta": [
                                "navigator"
                            ]
                        },
                        {
                            "name": "Responsive",
                            "to": "/galleria/responsive",
                            "meta": [
                                "responsive"
                            ]
                        },
                        {
                            "name": "FullScreen",
                            "to": "/galleria/fullscreen",
                            "meta": [
                                "fullscreen"
                            ]
                        },
                        {
                            "name": "AutoPlay",
                            "to": "/galleria/autoplay",
                            "meta": [
                                "autoplay"
                            ]
                        },
                        {
                            "name": "Caption",
                            "to": "/galleria/caption",
                            "meta": [
                                "caption"
                            ]
                        },
                        {
                            "name": "Advanced",
                            "to": "/galleria/advanced",
                            "meta": [
                                "advanced"
                            ]
                        }
                    ]
                }
            ]
        },
        {
            "name": "Misc",
            "meta": [
                "misc"
            ],
            "children": [
                {
                    "name": "Accessibility",
                    "to": "/accessibility",
                    "meta": [
                        "accessibility"
                    ]
                },
                {
                    "name": "Badge",
                    "to": "/badge",
                    "meta": [
                        "badge"
                    ]
                },
                {
                    "name": "Inplace",
                    "to": "/inplace",
                    "meta": [
                        "inplace"
                    ]
                },
                {
                    "name": "ProgressBar",
                    "to": "/progressbar",
                    "meta": [
                        "progressbar"
                    ]
                },
                {
                    "name": "ProgressSpinner",
                    "to": "/progressspinner",
                    "meta": [
                        "progressspinner"
                    ]
                },
                {
                    "name": "Ripple",
                    "to": "/ripple",
                    "meta": [
                        "ripple"
                    ],
                    "badge": "new"
                },
                {
                    "name": "Captcha",
                    "to": "/captcha",
                    "meta": [
                        "captcha",
                        "recaptcha"
                    ]
                }
            ]
        }
    ]
}
